<ImportExportXml xmlns:xsi="http://www.w3.org/2001/XMLSchema-instance">
  <Entities></Entities>
  <Roles></Roles>
  <Workflows></Workflows>
  <FieldSecurityProfiles></FieldSecurityProfiles>
  <Templates />
  <EntityMaps />
  <EntityRelationships />
  <OrganizationSettings />
  <optionsets />
  <WebResources>
    <WebResource>
      <WebResourceId>{256e66f5-7318-e911-8342-06e6e6094fd1}</WebResourceId>
      <Name>jmcg_afa_webresourceutility.js</Name>
      <DisplayName>jmcg_afa_webresourceutility.js</DisplayName>
      <WebResourceType>3</WebResourceType>
      <IntroducedVersion>1.0</IntroducedVersion>
      <IsEnabledForMobileClient>0</IsEnabledForMobileClient>
      <IsAvailableForMobileOffline>0</IsAvailableForMobileOffline>
      <IsCustomizable>1</IsCustomizable>
      <CanBeDeleted>1</CanBeDeleted>
      <IsHidden>0</IsHidden>
      <FileName>/WebResources/jmcg_afa_webresourceutilityjs256E66F5-7318-E911-8342-06E6E6094FD1</FileName>
    </WebResource>
    <WebResource>
      <WebResourceId>{276e66f5-7318-e911-8342-06e6e6094fd1}</WebResourceId>
      <Name>jmcg_afa_webapiutility.js</Name>
      <DisplayName>jmcg_afa_webapiutility.js</DisplayName>
      <WebResourceType>3</WebResourceType>
      <IntroducedVersion>1.0</IntroducedVersion>
      <IsEnabledForMobileClient>0</IsEnabledForMobileClient>
      <IsAvailableForMobileOffline>0</IsAvailableForMobileOffline>
      <IsCustomizable>1</IsCustomizable>
      <CanBeDeleted>1</CanBeDeleted>
      <IsHidden>0</IsHidden>
      <FileName>/WebResources/jmcg_afa_webapiutilityjs276E66F5-7318-E911-8342-06E6E6094FD1</FileName>
    </WebResource>
    <WebResource>
      <WebResourceId>{296e66f5-7318-e911-8342-06e6e6094fd1}</WebResourceId>
      <Name>jmcg_afa_pageutility.js</Name>
      <DisplayName>jmcg_afa_pageutility.js</DisplayName>
      <WebResourceType>3</WebResourceType>
      <IntroducedVersion>1.0</IntroducedVersion>
      <IsEnabledForMobileClient>0</IsEnabledForMobileClient>
      <IsAvailableForMobileOffline>0</IsAvailableForMobileOffline>
      <IsCustomizable>1</IsCustomizable>
      <CanBeDeleted>1</CanBeDeleted>
      <IsHidden>0</IsHidden>
      <FileName>/WebResources/jmcg_afa_pageutilityjs296E66F5-7318-E911-8342-06E6E6094FD1</FileName>
    </WebResource>
    <WebResource>
      <WebResourceId>{2b6e66f5-7318-e911-8342-06e6e6094fd1}</WebResourceId>
      <Name>jmcg_afa_jquery.js</Name>
      <DisplayName>jmcg_afa_jquery.js</DisplayName>
      <WebResourceType>3</WebResourceType>
      <IntroducedVersion>1.0</IntroducedVersion>
      <IsEnabledForMobileClient>0</IsEnabledForMobileClient>
      <IsAvailableForMobileOffline>0</IsAvailableForMobileOffline>
      <IsCustomizable>1</IsCustomizable>
      <CanBeDeleted>1</CanBeDeleted>
      <IsHidden>0</IsHidden>
      <FileName>/WebResources/jmcg_afa_jqueryjs2B6E66F5-7318-E911-8342-06E6E6094FD1</FileName>
    </WebResource>
    <WebResource>
      <WebResourceId>{2d6e66f5-7318-e911-8342-06e6e6094fd1}</WebResourceId>
      <Name>jmcg_afa_activityfileattacher.html</Name>
      <DisplayName>jmcg_afa_activityfileattacher.html</DisplayName>
      <WebResourceType>1</WebResourceType>
      <IntroducedVersion>1.0</IntroducedVersion>
      <IsEnabledForMobileClient>0</IsEnabledForMobileClient>
      <IsAvailableForMobileOffline>0</IsAvailableForMobileOffline>
      <IsCustomizable>1</IsCustomizable>
      <CanBeDeleted>1</CanBeDeleted>
      <IsHidden>0</IsHidden>
      <FileName>/WebResources/jmcg_afa_activityfileattacherhtml2D6E66F5-7318-E911-8342-06E6E6094FD1</FileName>
    </WebResource>
    <WebResource>
      <WebResourceId>{7404af37-7518-e911-8342-06e6e6094fd1}</WebResourceId>
      <Name>jmcg_afa_loading.gif</Name>
      <DisplayName>jmcg_afa_loading.gif</DisplayName>
      <WebResourceType>7</WebResourceType>
      <IntroducedVersion>1.0</IntroducedVersion>
      <IsEnabledForMobileClient>0</IsEnabledForMobileClient>
      <IsAvailableForMobileOffline>0</IsAvailableForMobileOffline>
      <IsCustomizable>1</IsCustomizable>
      <CanBeDeleted>1</CanBeDeleted>
      <IsHidden>0</IsHidden>
      <FileName>/WebResources/jmcg_afa_loadinggif7404AF37-7518-E911-8342-06E6E6094FD1</FileName>
    </WebResource>
    <WebResource>
      <WebResourceId>{f3c04255-7b18-e911-8342-06e6e6094fd1}</WebResourceId>
      <Name>jmcg_afa_configuration.html</Name>
      <DisplayName>jmcg_afa_configuration.html</DisplayName>
      <WebResourceType>1</WebResourceType>
      <IntroducedVersion>1.0</IntroducedVersion>
      <IsEnabledForMobileClient>0</IsEnabledForMobileClient>
      <IsAvailableForMobileOffline>0</IsAvailableForMobileOffline>
      <IsCustomizable>1</IsCustomizable>
      <CanBeDeleted>1</CanBeDeleted>
      <IsHidden>0</IsHidden>
      <FileName>/WebResources/jmcg_afa_configurationhtmlF3C04255-7B18-E911-8342-06E6E6094FD1</FileName>
    </WebResource>
  </WebResources>
  <Languages>
    <Language>1033</Language>
  </Languages>
</ImportExportXml>